R.FileName,R.Condition,UniqueProteins,UniquePeptides,MeanMissedCleavage,SummedIntensity
20210604_QE5_YABH_RDS3225_PlasmaProt_DIA_GroningenCVD_Plate7_Healthy_04731212_A,P7_Healthy,1164,9074,NA,4953166464.837524
20210604_QE5_YABH_RDS3225_PlasmaProt_DIA_GroningenCVD_Plate7_Healthy_04731290_A,P7_Healthy,1262,9762,NA,4977458128.727783
20210604_QE5_YABH_RDS3225_PlasmaProt_DIA_GroningenCVD_Plate7_Healthy_04731426_A,P7_Healthy,1257,9832,NA,5238114040.143982
20210604_QE5_YABH_RDS3225_PlasmaProt_DIA_GroningenCVD_Plate7_Healthy_04741675_A,P7_Healthy,1185,9506,NA,5021957193.443359
20210604_QE5_YABH_RDS3225_PlasmaProt_DIA_GroningenCVD_Plate7_Healthy_04742306_A,P7_Healthy,1198,9355,NA,5316217383.471832
20210604_QE5_YABH_RDS3225_PlasmaProt_DIA_GroningenCVD_Plate7_Healthy_04742577_A,P7_Healthy,1244,9659,NA,5038762401.83667
20210604_QE5_YABH_RDS3225_PlasmaProt_DIA_GroningenCVD_Plate7_Healthy_04743853_A,P7_Healthy,1238,9523,NA,5009757635.469208
20210604_QE5_YABH_RDS3225_PlasmaProt_DIA_GroningenCVD_Plate7_Healthy_04744817_A,P7_Healthy,1256,9528,NA,4846415803.2838135
20210604_QE5_YABH_RDS3225_PlasmaProt_DIA_GroningenCVD_Plate7_Healthy_04744862_A,P7_Healthy,1254,9601,NA,5074732541.547363
20210604_QE5_YABH_RDS3225_PlasmaProt_DIA_GroningenCVD_Plate7_Healthy_04745522_A,P7_Healthy,1236,9257,NA,4624639117.848633
20210604_QE5_YABH_RDS3225_PlasmaProt_DIA_GroningenCVD_Plate7_Healthy_04745782_A,P7_Healthy,1243,9782,NA,4731711169.117249
20210604_QE5_YABH_RDS3225_PlasmaProt_DIA_GroningenCVD_Plate7_Healthy_04745917_A,P7_Healthy,1115,8514,NA,5440729748.470032
20210604_QE5_YABH_RDS3225_PlasmaProt_DIA_GroningenCVD_Plate7_Healthy_04746572_A,P7_Healthy,1237,9265,NA,4420057286.51355
20210604_QE5_YABH_RDS3225_PlasmaProt_DIA_GroningenCVD_Plate7_Healthy_04747022_A,P7_Healthy,1226,9611,NA,4839603782.119049
20210604_QE5_YABH_RDS3225_PlasmaProt_DIA_GroningenCVD_Plate7_Healthy_04747311_A,P7_Healthy,1283,10107,NA,4517073229.867615
20210604_QE5_YABH_RDS3225_PlasmaProt_DIA_GroningenCVD_Plate7_Healthy_04747512_A,P7_Healthy,1222,8782,NA,4791421731.064575
20210604_QE5_YABH_RDS3225_PlasmaProt_DIA_GroningenCVD_Plate7_Healthy_04747534_A,P7_Healthy,1190,9242,NA,4954193770.611816
20210604_QE5_YABH_RDS3225_PlasmaProt_DIA_GroningenCVD_Plate7_Healthy_04747556_A,P7_Healthy,1148,8769,NA,5394452988.148682
20210604_QE5_YABH_RDS3225_PlasmaProt_DIA_GroningenCVD_Plate7_Healthy_04748128_A,P7_Healthy,1108,8545,NA,5704611912.110962
20210604_QE5_YABH_RDS3225_PlasmaProt_DIA_GroningenCVD_Plate7_Healthy_04748420_A,P7_Healthy,1147,8412,NA,4643704917.16748
20210604_QE5_YABH_RDS3225_PlasmaProt_DIA_GroningenCVD_Plate7_Healthy_04749305_A,P7_Healthy,1221,9670,NA,5323388688.3914795
20210604_QE5_YABH_RDS3225_PlasmaProt_DIA_GroningenCVD_Plate7_Healthy_04749456_A,P7_Healthy,1242,9623,NA,5060686002.486389
20210604_QE5_YABH_RDS3225_PlasmaProt_DIA_GroningenCVD_Plate7_Healthy_04750515_A,P7_Healthy,1157,9017,NA,5217961638.170959
20210604_QE5_YABH_RDS3225_PlasmaProt_DIA_GroningenCVD_Plate7_HFpEF_24600033_A_2,P7_HFpEF,1244,9408,NA,4683410107.028442
20210604_QE5_YABH_RDS3225_PlasmaProt_DIA_GroningenCVD_Plate7_HFpEF_24600057_A,P7_HFpEF,1078,8495,NA,5415956047.602417
20210604_QE5_YABH_RDS3225_PlasmaProt_DIA_GroningenCVD_Plate7_HFpEF_24600156_A,P7_HFpEF,1205,9371,NA,4644484954.676697
20210604_QE5_YABH_RDS3225_PlasmaProt_DIA_GroningenCVD_Plate7_HFpEF_24600200_A_2,P7_HFpEF,1077,8243,NA,4732585144.147949
20210604_QE5_YABH_RDS3225_PlasmaProt_DIA_GroningenCVD_Plate7_HFpEF_24600248_A,P7_HFpEF,1114,8700,NA,4901041141.69751
20210604_QE5_YABH_RDS3225_PlasmaProt_DIA_GroningenCVD_Plate7_HFpEF_24600279_A,P7_HFpEF,1052,8388,NA,4878683189.814575
20210604_QE5_YABH_RDS3225_PlasmaProt_DIA_GroningenCVD_Plate7_HFpEF_24600385_A,P7_HFpEF,985,7548,NA,4899721359.302002
20210604_QE5_YABH_RDS3225_PlasmaProt_DIA_GroningenCVD_Plate7_HFpEF_24600477_A,P7_HFpEF,1086,8376,NA,5014179694.267212
20210604_QE5_YABH_RDS3225_PlasmaProt_DIA_GroningenCVD_Plate7_HFpEF_24603850_A,P7_HFpEF,1155,8906,NA,4792289979.672546
20210604_QE5_YABH_RDS3225_PlasmaProt_DIA_GroningenCVD_Plate7_HFpEF_24603881_A,P7_HFpEF,1050,8277,NA,5457012856.788208
20210604_QE5_YABH_RDS3225_PlasmaProt_DIA_GroningenCVD_Plate7_HFpEF_24604048_A_2,P7_HFpEF,1128,8660,NA,5097425519.012756
20210604_QE5_YABH_RDS3225_PlasmaProt_DIA_GroningenCVD_Plate7_HFpEF_24604086_A,P7_HFpEF,1183,9265,NA,4990679900.509155
20210604_QE5_YABH_RDS3225_PlasmaProt_DIA_GroningenCVD_Plate7_HFpEF_24604147_A,P7_HFpEF,1113,8570,NA,4861490073.337402
20210604_QE5_YABH_RDS3225_PlasmaProt_DIA_GroningenCVD_Plate7_HFpEF_24604154_A_2,P7_HFpEF,1078,8494,NA,4748316249.79126
20210604_QE5_YABH_RDS3225_PlasmaProt_DIA_GroningenCVD_Plate7_HFpEF_24604178_A,P7_HFpEF,1096,8740,NA,5343471391.155869
20210604_QE5_YABH_RDS3225_PlasmaProt_DIA_GroningenCVD_Plate7_HFpEF_24607742_A_2,P7_HFpEF,1153,8769,NA,5076176035.184357
20210604_QE5_YABH_RDS3225_PlasmaProt_DIA_GroningenCVD_Plate7_HFpEF_24607889_A,P7_HFpEF,1132,8496,NA,4675259894.796631
20210604_QE5_YABH_RDS3225_PlasmaProt_DIA_GroningenCVD_Plate7_HFpEF_24607988_A,P7_HFpEF,1122,8893,NA,4802394088.544434
20210604_QE5_YABH_RDS3225_PlasmaProt_DIA_GroningenCVD_Plate7_HFpEF_24611374_A,P7_HFpEF,1106,8628,NA,5048222626.406982
20210604_QE5_YABH_RDS3225_PlasmaProt_DIA_GroningenCVD_Plate7_HFpEF_24611381_A,P7_HFpEF,1103,8609,NA,4852716977.334106
20210604_QE5_YABH_RDS3225_PlasmaProt_DIA_GroningenCVD_Plate7_HFpEF_24611435_A_2,P7_HFpEF,1138,8503,NA,4996838669.788696
20210604_QE5_YABH_RDS3225_PlasmaProt_DIA_GroningenCVD_Plate7_HFpEF_24611503_A,P7_HFpEF,1049,8088,NA,5048687024.124084
20210604_QE5_YABH_RDS3225_PlasmaProt_DIA_GroningenCVD_Plate7_HFpEF_24611558_A,P7_HFpEF,1170,8838,NA,5609925156.07666
20210604_QE5_YABH_RDS3225_PlasmaProt_DIA_GroningenCVD_Plate7_HFpEF_24611565_A,P7_HFpEF,1091,8660,NA,5015766466.189514
20210604_QE5_YABH_RDS3225_PlasmaProt_DIA_GroningenCVD_Plate7_HFpEF_24611626_A,P7_HFpEF,1117,8491,NA,5047338750.6744995
20210604_QE5_YABH_RDS3225_PlasmaProt_DIA_GroningenCVD_Plate7_HFpEF_24615679_A,P7_HFpEF,1210,9534,NA,4641878511.52771
20210604_QE5_YABH_RDS3225_PlasmaProt_DIA_GroningenCVD_Plate7_HFpEF_24615716_A,P7_HFpEF,1142,8550,NA,5564308050.274536
20210604_QE5_YABH_RDS3225_PlasmaProt_DIA_GroningenCVD_Plate7_HFpEF_24615846_A,P7_HFpEF,1108,8503,NA,5410951922.859558
20210604_QE5_YABH_RDS3225_PlasmaProt_DIA_GroningenCVD_Plate7_HFpEF_24616041_A,P7_HFpEF,1050,8201,NA,5006322542.533447
20210604_QE5_YABH_RDS3225_PlasmaProt_DIA_GroningenCVD_Plate7_HFpEF_24616065_A,P7_HFpEF,1269,9720,NA,5379416390.3376465
20210604_QE5_YABH_RDS3225_PlasmaProt_DIA_GroningenCVD_Plate7_HFpEF_24616096_A,P7_HFpEF,1160,8873,NA,4735694187.660278
20210528_QE5_YABH_RDS3225_PlasmaProt_DIA_GroningenCVD_Plate6_Healthy_04728216_A,P6_Healthy,1124,8581,NA,4800655169.783386
20210528_QE5_YABH_RDS3225_PlasmaProt_DIA_GroningenCVD_Plate6_Healthy_04728242_A,P6_Healthy,1085,8226,NA,4408539570.401184
20210528_QE5_YABH_RDS3225_PlasmaProt_DIA_GroningenCVD_Plate6_Healthy_04728343_A,P6_Healthy,1120,8461,NA,4669640791.826538
20210528_QE5_YABH_RDS3225_PlasmaProt_DIA_GroningenCVD_Plate6_Healthy_04728556_A,P6_Healthy,1155,8608,NA,4530559502.403015
20210528_QE5_YABH_RDS3225_PlasmaProt_DIA_GroningenCVD_Plate6_Healthy_04728669_A,P6_Healthy,1223,9180,NA,4432049977.281433
20210528_QE5_YABH_RDS3225_PlasmaProt_DIA_GroningenCVD_Plate6_Healthy_04728725_A,P6_Healthy,1072,8057,NA,4557808793.43161
20210528_QE5_YABH_RDS3225_PlasmaProt_DIA_GroningenCVD_Plate6_Healthy_04728798_A,P6_Healthy,1096,8602,NA,4639699206.01947
20210528_QE5_YABH_RDS3225_PlasmaProt_DIA_GroningenCVD_Plate6_Healthy_04729680_A,P6_Healthy,1114,8270,NA,4630081271.2977295
20210528_QE5_YABH_RDS3225_PlasmaProt_DIA_GroningenCVD_Plate6_Healthy_04729905_A,P6_Healthy,1114,8355,NA,4814394999.23587
20210528_QE5_YABH_RDS3225_PlasmaProt_DIA_GroningenCVD_Plate6_Healthy_04730022_A,P6_Healthy,1151,8797,NA,4273764331.859497
20210528_QE5_YABH_RDS3225_PlasmaProt_DIA_GroningenCVD_Plate6_Healthy_04730731_A,P6_Healthy,1149,8469,NA,4426494941.767166
20210528_QE5_YABH_RDS3225_PlasmaProt_DIA_GroningenCVD_Plate6_Healthy_04730836_A,P6_Healthy,1255,9455,NA,4529596669.353088
20210528_QE5_YABH_RDS3225_PlasmaProt_DIA_GroningenCVD_Plate6_Healthy_04750699_A,P6_Healthy,1126,8654,NA,4410914710.631958
20210528_QE5_YABH_RDS3225_PlasmaProt_DIA_GroningenCVD_Plate6_Healthy_04753726_A,P6_Healthy,1189,8904,NA,4449535032.551697
20210528_QE5_YABH_RDS3225_PlasmaProt_DIA_GroningenCVD_Plate6_Healthy_04753978_A_2,P6_Healthy,1134,8643,NA,4317049379.271912
20210528_QE5_YABH_RDS3225_PlasmaProt_DIA_GroningenCVD_Plate6_Healthy_04754315_A,P6_Healthy,1189,9133,NA,4600791671.714355
20210528_QE5_YABH_RDS3225_PlasmaProt_DIA_GroningenCVD_Plate6_Healthy_04755216_A,P6_Healthy,1269,9719,NA,4323924589.701141
20210528_QE5_YABH_RDS3225_PlasmaProt_DIA_GroningenCVD_Plate6_HFpEF_24600859_A,P6_HFpEF,1000,7927,NA,4978544254.194336
20210528_QE5_YABH_RDS3225_PlasmaProt_DIA_GroningenCVD_Plate6_HFpEF_24603218_A,P6_HFpEF,1023,8165,NA,4400608141.538162
20210528_QE5_YABH_RDS3225_PlasmaProt_DIA_GroningenCVD_Plate6_HFpEF_24603737_A,P6_HFpEF,1220,9333,NA,4406924617.311768
20210528_QE5_YABH_RDS3225_PlasmaProt_DIA_GroningenCVD_Plate6_HFpEF_24604185_A,P6_HFpEF,1234,9475,NA,4340426063.226624
20210528_QE5_YABH_RDS3225_PlasmaProt_DIA_GroningenCVD_Plate6_HFpEF_24608466_A,P6_HFpEF,1103,8612,NA,4462647447.885254
20210528_QE5_YABH_RDS3225_PlasmaProt_DIA_GroningenCVD_Plate6_HFpEF_24609630_Pilot,P6_HFpEF,1069,8228,NA,4948665952.148743
20210528_QE5_YABH_RDS3225_PlasmaProt_DIA_GroningenCVD_Plate6_HFpEF_24609654_Pilot,P6_HFpEF,1148,8576,NA,4974571764.247681
20210528_QE5_YABH_RDS3225_PlasmaProt_DIA_GroningenCVD_Plate6_HFpEF_24609678_Pilot,P6_HFpEF,1053,8114,NA,4889741235.588074
20210528_QE5_YABH_RDS3225_PlasmaProt_DIA_GroningenCVD_Plate6_HFpEF_24609722_Pilot,P6_HFpEF,1102,8441,NA,4854854693.145142
20210528_QE5_YABH_RDS3225_PlasmaProt_DIA_GroningenCVD_Plate6_HFpEF_24609753_Pilot,P6_HFpEF,1169,8954,NA,4379275948.2854
20210528_QE5_YABH_RDS3225_PlasmaProt_DIA_GroningenCVD_Plate6_HFpEF_24609824_Pilot,P6_HFpEF,1072,8411,NA,4757495633.861816
20210528_QE5_YABH_RDS3225_PlasmaProt_DIA_GroningenCVD_Plate6_HFpEF_24611305_A,P6_HFpEF,969,7535,NA,4585995362.321655
20210528_QE5_YABH_RDS3225_PlasmaProt_DIA_GroningenCVD_Plate6_HFpEF_24611657_A,P6_HFpEF,1015,7733,NA,4489193198.518799
20210528_QE5_YABH_RDS3225_PlasmaProt_DIA_GroningenCVD_Plate6_HFpEF_24613170_A,P6_HFpEF,1169,8796,NA,4436398771.606201
20210528_QE5_YABH_RDS3225_PlasmaProt_DIA_GroningenCVD_Plate6_HFpEF_24616706_A,P6_HFpEF,1007,7745,NA,4471045425.11731
20210528_QE5_YABH_RDS3225_PlasmaProt_DIA_GroningenCVD_Plate6_HFpEF_24617598_Pilot,P6_HFpEF,1052,8124,NA,5070315169.667358
20210528_QE5_YABH_RDS3225_PlasmaProt_DIA_GroningenCVD_Plate6_HFpEF_24617666_Pilot,P6_HFpEF,997,7687,NA,5014067674.43396
20210528_QE5_YABH_RDS3225_PlasmaProt_DIA_GroningenCVD_Plate6_HFpEF_24617710_Pilot,P6_HFpEF,1133,8906,NA,4941976012.443848
20210528_QE5_YABH_RDS3225_PlasmaProt_DIA_GroningenCVD_Plate6_HFpEF_24617802_Pilot,P6_HFpEF,991,7662,NA,5454453199.306824
20210528_QE5_YABH_RDS3225_PlasmaProt_DIA_GroningenCVD_Plate6_HFpEF_24617833_Pilot,P6_HFpEF,1048,8350,NA,4939162107.820068
20210528_QE5_YABH_RDS3225_PlasmaProt_DIA_GroningenCVD_Plate6_HFpEF_24617840_Pilot,P6_HFpEF,1077,8368,NA,4770323479.930908
20210528_QE5_YABH_RDS3225_PlasmaProt_DIA_GroningenCVD_Plate6_HFpEF_24617857_Pilot,P6_HFpEF,1196,9080,NA,4830399852.772095
20210528_QE5_YABH_RDS3225_PlasmaProt_DIA_GroningenCVD_Plate6_HFpEF_24617864_Pilot,P6_HFpEF,1083,8417,NA,4939149961.049133
20210528_QE5_YABH_RDS3225_PlasmaProt_DIA_GroningenCVD_Plate6_HFpEF_24617956_Pilot,P6_HFpEF,1122,8873,NA,4635291665.803833
20210528_QE5_YABH_RDS3225_PlasmaProt_DIA_GroningenCVD_Plate6_HFpEF_24618045_Pilot,P6_HFpEF,1127,8458,NA,4960489047.523743
20210506_QE5_YABH_RDS3225_PlasmaProt_DIA_GroningenCVD_Plate5_Healthy_04718928_A,P5_Healthy,1229,9592,NA,5128535282.23645
20210506_QE5_YABH_RDS3225_PlasmaProt_DIA_GroningenCVD_Plate5_Healthy_04719902_A,P5_Healthy,1177,9341,NA,5582334220.316696
20210506_QE5_YABH_RDS3225_PlasmaProt_DIA_GroningenCVD_Plate5_Healthy_04720251_A,P5_Healthy,1253,9755,NA,5160571532.998322
20210506_QE5_YABH_RDS3225_PlasmaProt_DIA_GroningenCVD_Plate5_Healthy_04721159_A,P5_Healthy,1186,9230,NA,4845610499.43811
20210506_QE5_YABH_RDS3225_PlasmaProt_DIA_GroningenCVD_Plate5_Healthy_04722025_A_2,P5_Healthy,1167,8902,NA,5037687353.2595215
20210506_QE5_YABH_RDS3225_PlasmaProt_DIA_GroningenCVD_Plate5_Healthy_04722309_A,P5_Healthy,1275,9925,NA,4945886167.4353485
20210506_QE5_YABH_RDS3225_PlasmaProt_DIA_GroningenCVD_Plate5_Healthy_04725023_A,P5_Healthy,1232,9433,NA,5047323205.345261
20210506_QE5_YABH_RDS3225_PlasmaProt_DIA_GroningenCVD_Plate5_Healthy_04725564_A,P5_Healthy,1163,8876,NA,5365523002.4279175
20210506_QE5_YABH_RDS3225_PlasmaProt_DIA_GroningenCVD_Plate5_Healthy_04726058_A,P5_Healthy,1219,9411,NA,5280214703.12439
20210506_QE5_YABH_RDS3225_PlasmaProt_DIA_GroningenCVD_Plate5_Healthy_04726971_A,P5_Healthy,1286,9798,NA,4767495540.530579
20210506_QE5_YABH_RDS3225_PlasmaProt_DIA_GroningenCVD_Plate5_Healthy_04726994_A,P5_Healthy,1293,9605,NA,5171680187.322769
20210506_QE5_YABH_RDS3225_PlasmaProt_DIA_GroningenCVD_Plate5_Healthy_04727199_A,P5_Healthy,1126,8867,NA,5338460800.638306
20210506_QE5_YABH_RDS3225_PlasmaProt_DIA_GroningenCVD_Plate5_HFpEF_24613835_A,P5_HFpEF,1078,8486,NA,5072223694.957855
20210506_QE5_YABH_RDS3225_PlasmaProt_DIA_GroningenCVD_Plate5_HFpEF_24613927_A,P5_HFpEF,1160,9050,NA,5015276545.873535
20210506_QE5_YABH_RDS3225_PlasmaProt_DIA_GroningenCVD_Plate5_HFpEF_24613958_A_2,P5_HFpEF,1135,7992,NA,4898088899.138794
20210506_QE5_YABH_RDS3225_PlasmaProt_DIA_GroningenCVD_Plate5_HFpEF_24614016_A,P5_HFpEF,1232,9126,NA,4882635458.137756
20210506_QE5_YABH_RDS3225_PlasmaProt_DIA_GroningenCVD_Plate5_HFpEF_24614030_A,P5_HFpEF,1223,9433,NA,4804997156.304138
20210506_QE5_YABH_RDS3225_PlasmaProt_DIA_GroningenCVD_Plate5_HFpEF_24614078_A,P5_HFpEF,1094,8589,NA,5308573488.866943
20210506_QE5_YABH_RDS3225_PlasmaProt_DIA_GroningenCVD_Plate5_HFpEF_24614092_A_2,P5_HFpEF,1252,9483,NA,4702650642.928223
20210506_QE5_YABH_RDS3225_PlasmaProt_DIA_GroningenCVD_Plate5_HFpEF_24614177_A,P5_HFpEF,1040,8260,NA,5402943298.008789
20210506_QE5_YABH_RDS3225_PlasmaProt_DIA_GroningenCVD_Plate5_HFpEF_24614542_A,P5_HFpEF,1136,8843,NA,5247458744.699646
20210506_QE5_YABH_RDS3225_PlasmaProt_DIA_GroningenCVD_Plate5_HFpEF_24614658_A,P5_HFpEF,1196,9313,NA,4466213228.847961
20210506_QE5_YABH_RDS3225_PlasmaProt_DIA_GroningenCVD_Plate5_HFpEF_24614740_A,P5_HFpEF,1149,9032,NA,4861963694.331268
20210506_QE5_YABH_RDS3225_PlasmaProt_DIA_GroningenCVD_Plate5_HFpEF_24614764_A,P5_HFpEF,1180,9152,NA,4830665841.681641
20210506_QE5_YABH_RDS3225_PlasmaProt_DIA_GroningenCVD_Plate5_HFpEF_24614894_A,P5_HFpEF,1186,9226,NA,5138258663.732361
20210506_QE5_YABH_RDS3225_PlasmaProt_DIA_GroningenCVD_Plate5_HFpEF_24614900_A_2,P5_HFpEF,1253,9510,NA,4477689377.263916
20210506_QE5_YABH_RDS3225_PlasmaProt_DIA_GroningenCVD_Plate5_HFpEF_24615044_A,P5_HFpEF,1161,8819,NA,5043695985.372253
20210506_QE5_YABH_RDS3225_PlasmaProt_DIA_GroningenCVD_Plate5_HFpEF_24615105_A,P5_HFpEF,1188,9271,NA,5350541441.608398
20210506_QE5_YABH_RDS3225_PlasmaProt_DIA_GroningenCVD_Plate5_HFpEF_24615174_A,P5_HFpEF,1171,9053,NA,5333919199.380402
20210506_QE5_YABH_RDS3225_PlasmaProt_DIA_GroningenCVD_Plate5_HFpEF_24615235_A,P5_HFpEF,1187,9103,NA,5003127854.960754
20210506_QE5_YABH_RDS3225_PlasmaProt_DIA_GroningenCVD_Plate5_HFpEF_24615273_A,P5_HFpEF,1139,9032,NA,5170025263.541809
20210506_QE5_YABH_RDS3225_PlasmaProt_DIA_GroningenCVD_Plate5_HFpEF_24615297_A,P5_HFpEF,1187,9111,NA,4775542496.524475
20210506_QE5_YABH_RDS3225_PlasmaProt_DIA_GroningenCVD_Plate5_HFpEF_24615310_A,P5_HFpEF,1116,8738,NA,4842461037.341309
20210506_QE5_YABH_RDS3225_PlasmaProt_DIA_GroningenCVD_Plate5_HFpEF_24615334_A,P5_HFpEF,1162,9201,NA,5091644101.507507
20210506_QE5_YABH_RDS3225_PlasmaProt_DIA_GroningenCVD_Plate5_HFpEF_24615358_A,P5_HFpEF,1181,8918,NA,4970033067.821045
20210506_QE5_YABH_RDS3225_PlasmaProt_DIA_GroningenCVD_Plate5_HFpEF_24615365_A,P5_HFpEF,1176,9153,NA,4826088500.459412
20210506_QE5_YABH_RDS3225_PlasmaProt_DIA_GroningenCVD_Plate5_HFpEF_24615402_A,P5_HFpEF,1208,9158,NA,4786901096.033569
20210506_QE5_YABH_RDS3225_PlasmaProt_DIA_GroningenCVD_Plate5_HFpEF_24615464_A,P5_HFpEF,1200,9118,NA,5326614999.9436035
20210506_QE5_YABH_RDS3225_PlasmaProt_DIA_GroningenCVD_Plate5_HFpEF_24616218_A,P5_HFpEF,1123,8571,NA,5317635411.636414
20210506_QE5_YABH_RDS3225_PlasmaProt_DIA_GroningenCVD_Plate5_HFpEF_24616232_A,P5_HFpEF,1120,8645,NA,5115217537.3012085
20210506_QE5_YABH_RDS3225_PlasmaProt_DIA_GroningenCVD_Plate5_HFpEF_24616447_A,P5_HFpEF,1290,9791,NA,5130343063.102905
20210506_QE5_YABH_RDS3225_PlasmaProt_DIA_GroningenCVD_Plate5_HFpEF_24616553_A,P5_HFpEF,1081,8691,NA,5127437869.89563
20210506_QE5_YABH_RDS3225_PlasmaProt_DIA_GroningenCVD_Plate5_HFpEF_24616621_A,P5_HFpEF,1111,8728,NA,4954672526.262512
20210506_QE5_YABH_RDS3225_PlasmaProt_DIA_GroningenCVD_Plate5_HFpEF_24616645_A,P5_HFpEF,1130,8781,NA,5135631758.088806
20210506_QE5_YABH_RDS3225_PlasmaProt_DIA_GroningenCVD_Plate5_HFpEF_24616669_A,P5_HFpEF,1212,9533,NA,4392823197.997314
20210506_QE5_YABH_RDS3225_PlasmaProt_DIA_GroningenCVD_Plate5_HFpEF_24616690_A,P5_HFpEF,1046,8285,NA,5276965992.10791
20210506_QE5_YABH_RDS3225_PlasmaProt_DIA_GroningenCVD_Plate5_HFpEF_24616713_A,P5_HFpEF,1142,8922,NA,4922572339.029114
20210506_QE5_YABH_RDS3225_PlasmaProt_DIA_GroningenCVD_Plate5_HFpEF_24616782_A,P5_HFpEF,1146,8992,NA,4885059754.287842
20210506_QE5_YABH_RDS3225_PlasmaProt_DIA_GroningenCVD_Plate5_HFpEF_24616928_A,P5_HFpEF,1213,9385,NA,4930114810.863281
20210506_QE5_YABH_RDS3225_PlasmaProt_DIA_GroningenCVD_Plate5_HFpEF_24616966_A,P5_HFpEF,1161,8973,NA,5073504704.928741
20210506_QE5_YABH_RDS3225_PlasmaProt_DIA_GroningenCVD_Plate5_HFpEF_24617062_A,P5_HFpEF,1178,8895,NA,5205312276.421082
20210506_QE5_YABH_RDS3225_PlasmaProt_DIA_GroningenCVD_Plate5_HFpEF_24617086_A,P5_HFpEF,1149,8817,NA,5140517393.296204
20210506_QE5_YABH_RDS3225_PlasmaProt_DIA_GroningenCVD_Plate5_HFpEF_24617147_A,P5_HFpEF,1136,8870,NA,5035252227.57959
20210506_QE5_YABH_RDS3225_PlasmaProt_DIA_GroningenCVD_Plate5_HFpEF_24617154_A,P5_HFpEF,1091,8744,NA,5065554206.673645
20210506_QE5_YABH_RDS3225_PlasmaProt_DIA_GroningenCVD_Plate5_HFpEF_24617314_A,P5_HFpEF,1177,9040,NA,4917152331.446045
20210506_QE5_YABH_RDS3225_PlasmaProt_DIA_GroningenCVD_Plate5_HFpEF_24617505_A,P5_HFpEF,1162,9090,NA,5606622909.221619
20210416_QE5_YABH_RDS3225_PlasmaProt_DIA_GroningenCVD_Plate4_Healthy_04712671_A,P4_Healthy,1192,8961,NA,4682935366.491943
20210416_QE5_YABH_RDS3225_PlasmaProt_DIA_GroningenCVD_Plate4_Healthy_04713135_A,P4_Healthy,1267,9365,NA,4705019467.999268
20210416_QE5_YABH_RDS3225_PlasmaProt_DIA_GroningenCVD_Plate4_Healthy_04713323_A,P4_Healthy,1291,9790,NA,4646277862.76416
20210416_QE5_YABH_RDS3225_PlasmaProt_DIA_GroningenCVD_Plate4_Healthy_04713598_A,P4_Healthy,1230,9381,NA,4484470068.7682495
20210416_QE5_YABH_RDS3225_PlasmaProt_DIA_GroningenCVD_Plate4_Healthy_04713904_A,P4_Healthy,1192,9089,NA,5040883852.812256
20210416_QE5_YABH_RDS3225_PlasmaProt_DIA_GroningenCVD_Plate4_Healthy_04714278_A,P4_Healthy,1171,8855,NA,4736606320.818909
20210416_QE5_YABH_RDS3225_PlasmaProt_DIA_GroningenCVD_Plate4_Healthy_04714621_A,P4_Healthy,1239,9302,NA,4824917825.053467
20210416_QE5_YABH_RDS3225_PlasmaProt_DIA_GroningenCVD_Plate4_Healthy_04714954_A,P4_Healthy,1166,8886,NA,4927775162.981201
20210416_QE5_YABH_RDS3225_PlasmaProt_DIA_GroningenCVD_Plate4_Healthy_04715372_A,P4_Healthy,1225,9132,NA,4597368628.516541
20210416_QE5_YABH_RDS3225_PlasmaProt_DIA_GroningenCVD_Plate4_Healthy_04715723_A_2,P4_Healthy,1194,8951,NA,4578523226.285828
20210416_QE5_YABH_RDS3225_PlasmaProt_DIA_GroningenCVD_Plate4_Healthy_04718063_A,P4_Healthy,1202,9090,NA,4697552037.110596
20210416_QE5_YABH_RDS3225_PlasmaProt_DIA_GroningenCVD_Plate4_Healthy_04718110_A,P4_Healthy,1188,8998,NA,5360174798.386963
20210416_QE5_YABH_RDS3225_PlasmaProt_DIA_GroningenCVD_Plate4_HFpEF_24610490_A,P4_HFpEF,1225,9542,NA,4400124459.546265
20210416_QE5_YABH_RDS3225_PlasmaProt_DIA_GroningenCVD_Plate4_HFpEF_24610513_A,P4_HFpEF,1209,9056,NA,4651667547.0147705
20210416_QE5_YABH_RDS3225_PlasmaProt_DIA_GroningenCVD_Plate4_HFpEF_24610520_A_2,P4_HFpEF,1081,8245,NA,4712795842.668701
20210416_QE5_YABH_RDS3225_PlasmaProt_DIA_GroningenCVD_Plate4_HFpEF_24610537_A,P4_HFpEF,1098,8256,NA,5402326810.749878
20210416_QE5_YABH_RDS3225_PlasmaProt_DIA_GroningenCVD_Plate4_HFpEF_24610575_A_2,P4_HFpEF,1114,8337,NA,4277978462.371338
20210416_QE5_YABH_RDS3225_PlasmaProt_DIA_GroningenCVD_Plate4_HFpEF_24610643_A,P4_HFpEF,1401,10390,NA,4238189756.2856445
20210416_QE5_YABH_RDS3225_PlasmaProt_DIA_GroningenCVD_Plate4_HFpEF_24610896_A,P4_HFpEF,1083,8198,NA,5007162040.550293
20210416_QE5_YABH_RDS3225_PlasmaProt_DIA_GroningenCVD_Plate4_HFpEF_24610902_A,P4_HFpEF,1089,8524,NA,4574501873.446411
20210416_QE5_YABH_RDS3225_PlasmaProt_DIA_GroningenCVD_Plate4_HFpEF_24610933_A,P4_HFpEF,1128,8459,NA,4636439841.628784
20210416_QE5_YABH_RDS3225_PlasmaProt_DIA_GroningenCVD_Plate4_HFpEF_24610988_A,P4_HFpEF,1152,8872,NA,4843278732.946045
20210416_QE5_YABH_RDS3225_PlasmaProt_DIA_GroningenCVD_Plate4_HFpEF_24611046_A_2,P4_HFpEF,1019,7657,NA,4650935872.865356
20210416_QE5_YABH_RDS3225_PlasmaProt_DIA_GroningenCVD_Plate4_HFpEF_24611091_A,P4_HFpEF,1098,8439,NA,4737407823.0685425
20210416_QE5_YABH_RDS3225_PlasmaProt_DIA_GroningenCVD_Plate4_HFpEF_24611107_A,P4_HFpEF,1102,8387,NA,4682240085.5321045
20210416_QE5_YABH_RDS3225_PlasmaProt_DIA_GroningenCVD_Plate4_HFpEF_24611183_A,P4_HFpEF,1076,8332,NA,4830263861.585205
20210416_QE5_YABH_RDS3225_PlasmaProt_DIA_GroningenCVD_Plate4_HFpEF_24611220_A,P4_HFpEF,1130,8478,NA,5369780936.458374
20210416_QE5_YABH_RDS3225_PlasmaProt_DIA_GroningenCVD_Plate4_HFpEF_24611244_A,P4_HFpEF,1087,8140,NA,4927077961.976074
20210416_QE5_YABH_RDS3225_PlasmaProt_DIA_GroningenCVD_Plate4_HFpEF_24611251_A,P4_HFpEF,1205,9094,NA,4533989041.435516
20210416_QE5_YABH_RDS3225_PlasmaProt_DIA_GroningenCVD_Plate4_HFpEF_24611695_A,P4_HFpEF,1142,8503,NA,4804459128.839111
20210416_QE5_YABH_RDS3225_PlasmaProt_DIA_GroningenCVD_Plate4_HFpEF_24611732_A,P4_HFpEF,1089,8211,NA,4545173717.533936
20210416_QE5_YABH_RDS3225_PlasmaProt_DIA_GroningenCVD_Plate4_HFpEF_24611749_A,P4_HFpEF,1036,7775,NA,4802292710.087769
20210416_QE5_YABH_RDS3225_PlasmaProt_DIA_GroningenCVD_Plate4_HFpEF_24611756_A,P4_HFpEF,1140,8488,NA,4789343048.149902
20210416_QE5_YABH_RDS3225_PlasmaProt_DIA_GroningenCVD_Plate4_HFpEF_24611763_A_2,P4_HFpEF,992,7389,NA,4801351745.415039
20210416_QE5_YABH_RDS3225_PlasmaProt_DIA_GroningenCVD_Plate4_HFpEF_24611817_A,P4_HFpEF,1199,8990,NA,4492553850.412109
20210416_QE5_YABH_RDS3225_PlasmaProt_DIA_GroningenCVD_Plate4_HFpEF_24611848_A,P4_HFpEF,1160,8466,NA,5623241559.056885
20210416_QE5_YABH_RDS3225_PlasmaProt_DIA_GroningenCVD_Plate4_HFpEF_24611978_A,P4_HFpEF,1171,8770,NA,4717631633.102783
20210416_QE5_YABH_RDS3225_PlasmaProt_DIA_GroningenCVD_Plate4_HFpEF_24612241_A,P4_HFpEF,1112,8225,NA,4863114867.925415
20210416_QE5_YABH_RDS3225_PlasmaProt_DIA_GroningenCVD_Plate4_HFpEF_24612289_A,P4_HFpEF,1196,9127,NA,4066617748.701172
20210416_QE5_YABH_RDS3225_PlasmaProt_DIA_GroningenCVD_Plate4_HFpEF_24612395_A,P4_HFpEF,1005,7638,NA,5191774844.05957
20210416_QE5_YABH_RDS3225_PlasmaProt_DIA_GroningenCVD_Plate4_HFpEF_24612401_A,P4_HFpEF,1139,8318,NA,4567028826.009979
20210416_QE5_YABH_RDS3225_PlasmaProt_DIA_GroningenCVD_Plate4_HFpEF_24612562_A,P4_HFpEF,1189,8825,NA,4447937562.105713
20210416_QE5_YABH_RDS3225_PlasmaProt_DIA_GroningenCVD_Plate4_HFpEF_24612593_A_2,P4_HFpEF,979,7588,NA,4434290768.6935425
20210416_QE5_YABH_RDS3225_PlasmaProt_DIA_GroningenCVD_Plate4_HFpEF_24612630_A,P4_HFpEF,1136,8528,NA,5093095667.399719
20210416_QE5_YABH_RDS3225_PlasmaProt_DIA_GroningenCVD_Plate4_HFpEF_24612692_A,P4_HFpEF,1107,8106,NA,5087688220.619019
20210416_QE5_YABH_RDS3225_PlasmaProt_DIA_GroningenCVD_Plate4_HFpEF_24612708_A,P4_HFpEF,1071,8019,NA,4838884647.883911
20210416_QE5_YABH_RDS3225_PlasmaProt_DIA_GroningenCVD_Plate4_HFpEF_24612814_A,P4_HFpEF,1134,8526,NA,4160351867.0058594
20210416_QE5_YABH_RDS3225_PlasmaProt_DIA_GroningenCVD_Plate4_HFpEF_24612890_A,P4_HFpEF,1120,8352,NA,4632293500.668396
20210416_QE5_YABH_RDS3225_PlasmaProt_DIA_GroningenCVD_Plate4_HFpEF_24613156_A,P4_HFpEF,1065,8177,NA,5081328579.291382
20210416_QE5_YABH_RDS3225_PlasmaProt_DIA_GroningenCVD_Plate4_HFpEF_24613187_A,P4_HFpEF,1198,9122,NA,4696084207.816895
20210416_QE5_YABH_RDS3225_PlasmaProt_DIA_GroningenCVD_Plate4_HFpEF_24613309_A_3,P4_HFpEF,1024,7717,NA,5353769852.140564
20210416_QE5_YABH_RDS3225_PlasmaProt_DIA_GroningenCVD_Plate4_HFpEF_24613699_A,P4_HFpEF,1141,8706,NA,4173842989.8687134
20210416_QE5_YABH_RDS3225_PlasmaProt_DIA_GroningenCVD_Plate4_HFpEF_24613705_A_2,P4_HFpEF,1089,7687,NA,4126351208.2734375
20210416_QE5_YABH_RDS3225_PlasmaProt_DIA_GroningenCVD_Plate4_HFpEF_24613729_A,P4_HFpEF,1141,8809,NA,4437525946.710449
20210416_QE5_YABH_RDS3225_PlasmaProt_DIA_GroningenCVD_Plate4_HFpEF_24613750_A,P4_HFpEF,1045,7959,NA,4913438865.137451
20210408_QE5_YABH_RDS3225_PlasmaProt_DIA_GroningenCVD_Plate3_Healthy_04710551_A_2,P3_Healthy,1171,8872,NA,4630304501.1171875
20210408_QE5_YABH_RDS3225_PlasmaProt_DIA_GroningenCVD_Plate3_Healthy_04710831_A,P3_Healthy,1198,8993,NA,4835863238.941589
20210408_QE5_YABH_RDS3225_PlasmaProt_DIA_GroningenCVD_Plate3_Healthy_04710935_A,P3_Healthy,1288,9757,NA,5268948159.962799
20210408_QE5_YABH_RDS3225_PlasmaProt_DIA_GroningenCVD_Plate3_Healthy_04710973_A,P3_Healthy,1216,9219,NA,4823016580.508362
20210408_QE5_YABH_RDS3225_PlasmaProt_DIA_GroningenCVD_Plate3_Healthy_04711236_A,P3_Healthy,1262,9567,NA,5039867452.689819
20210408_QE5_YABH_RDS3225_PlasmaProt_DIA_GroningenCVD_Plate3_Healthy_04711407_A,P3_Healthy,1212,9313,NA,4815872058.512939
20210408_QE5_YABH_RDS3225_PlasmaProt_DIA_GroningenCVD_Plate3_Healthy_04711708_A,P3_Healthy,1273,9544,NA,4579454098.69165
20210408_QE5_YABH_RDS3225_PlasmaProt_DIA_GroningenCVD_Plate3_Healthy_04712133_A,P3_Healthy,1235,9409,NA,4929974829.079025
20210408_QE5_YABH_RDS3225_PlasmaProt_DIA_GroningenCVD_Plate3_Healthy_04712392_A,P3_Healthy,1204,9014,NA,5072892932.212639
20210408_QE5_YABH_RDS3225_PlasmaProt_DIA_GroningenCVD_Plate3_Healthy_04712452_A,P3_Healthy,1270,9477,NA,4871022414.661865
20210408_QE5_YABH_RDS3225_PlasmaProt_DIA_GroningenCVD_Plate3_Healthy_04712480_A,P3_Healthy,1259,9687,NA,4775280330.973999
20210408_QE5_YABH_RDS3225_PlasmaProt_DIA_GroningenCVD_Plate3_Healthy_04712618_A,P3_Healthy,1209,9300,NA,4812399097.53894
20210408_QE5_YABH_RDS3225_PlasmaProt_DIA_GroningenCVD_Plate3_HFpEF_24607018_A,P3_HFpEF,1153,8727,NA,5017079197.708984
20210408_QE5_YABH_RDS3225_PlasmaProt_DIA_GroningenCVD_Plate3_HFpEF_24607094_A,P3_HFpEF,1208,8986,NA,4797346652.656647
20210408_QE5_YABH_RDS3225_PlasmaProt_DIA_GroningenCVD_Plate3_HFpEF_24607131_A_2,P3_HFpEF,1108,7998,NA,4639765939.1501465
20210408_QE5_YABH_RDS3225_PlasmaProt_DIA_GroningenCVD_Plate3_HFpEF_24607223_A,P3_HFpEF,1224,9064,NA,5181483103.445251
20210408_QE5_YABH_RDS3225_PlasmaProt_DIA_GroningenCVD_Plate3_HFpEF_24607315_A,P3_HFpEF,1189,9251,NA,5416810258.075195
20210408_QE5_YABH_RDS3225_PlasmaProt_DIA_GroningenCVD_Plate3_HFpEF_24607322_A,P3_HFpEF,1167,8964,NA,4696292454.225708
20210408_QE5_YABH_RDS3225_PlasmaProt_DIA_GroningenCVD_Plate3_HFpEF_24607346_A,P3_HFpEF,1172,9154,NA,4575239456.855896
20210408_QE5_YABH_RDS3225_PlasmaProt_DIA_GroningenCVD_Plate3_HFpEF_24607476_A,P3_HFpEF,1222,9225,NA,4706910849.95752
20210408_QE5_YABH_RDS3225_PlasmaProt_DIA_GroningenCVD_Plate3_HFpEF_24607575_A_2,P3_HFpEF,1105,8356,NA,4691012192.943176
20210408_QE5_YABH_RDS3225_PlasmaProt_DIA_GroningenCVD_Plate3_HFpEF_24607650_A,P3_HFpEF,1190,9263,NA,4925469229.15686
20210408_QE5_YABH_RDS3225_PlasmaProt_DIA_GroningenCVD_Plate3_HFpEF_24607995_A,P3_HFpEF,1062,8428,NA,5102553905.099548
20210408_QE5_YABH_RDS3225_PlasmaProt_DIA_GroningenCVD_Plate3_HFpEF_24608183_A_2,P3_HFpEF,1179,8741,NA,4951963037.887207
20210408_QE5_YABH_RDS3225_PlasmaProt_DIA_GroningenCVD_Plate3_HFpEF_24608251_A,P3_HFpEF,1111,8736,NA,4427670236.629272
20210408_QE5_YABH_RDS3225_PlasmaProt_DIA_GroningenCVD_Plate3_HFpEF_24608275_A_2,P3_HFpEF,1118,8585,NA,4287969485.2460938
20210408_QE5_YABH_RDS3225_PlasmaProt_DIA_GroningenCVD_Plate3_HFpEF_24608459_A,P3_HFpEF,1159,8706,NA,4961113991.946182
20210408_QE5_YABH_RDS3225_PlasmaProt_DIA_GroningenCVD_Plate3_HFpEF_24608572_A,P3_HFpEF,1137,8697,NA,4882204921.8125
20210408_QE5_YABH_RDS3225_PlasmaProt_DIA_GroningenCVD_Plate3_HFpEF_24608626_A,P3_HFpEF,1216,9122,NA,4312499844.100647
20210408_QE5_YABH_RDS3225_PlasmaProt_DIA_GroningenCVD_Plate3_HFpEF_24608695_A,P3_HFpEF,1150,8703,NA,4951929533.870239
20210408_QE5_YABH_RDS3225_PlasmaProt_DIA_GroningenCVD_Plate3_HFpEF_24608732_A,P3_HFpEF,1145,8836,NA,4481091246.3532715
20210408_QE5_YABH_RDS3225_PlasmaProt_DIA_GroningenCVD_Plate3_HFpEF_24608817_A,P3_HFpEF,1254,9631,NA,4573501201.462036
20210408_QE5_YABH_RDS3225_PlasmaProt_DIA_GroningenCVD_Plate3_HFpEF_24608824_A,P3_HFpEF,1130,8780,NA,4706894766.561768
20210408_QE5_YABH_RDS3225_PlasmaProt_DIA_GroningenCVD_Plate3_HFpEF_24608879_A,P3_HFpEF,1049,8281,NA,4886552577.3125
20210408_QE5_YABH_RDS3225_PlasmaProt_DIA_GroningenCVD_Plate3_HFpEF_24608923_A,P3_HFpEF,1215,9122,NA,4547721060.344177
20210408_QE5_YABH_RDS3225_PlasmaProt_DIA_GroningenCVD_Plate3_HFpEF_24608961_A,P3_HFpEF,1220,9284,NA,4583256635.8302
20210408_QE5_YABH_RDS3225_PlasmaProt_DIA_GroningenCVD_Plate3_HFpEF_24608985_A,P3_HFpEF,1124,8808,NA,4778302022.277214
20210408_QE5_YABH_RDS3225_PlasmaProt_DIA_GroningenCVD_Plate3_HFpEF_24609180_A,P3_HFpEF,1162,9235,NA,4420410501.616211
20210408_QE5_YABH_RDS3225_PlasmaProt_DIA_GroningenCVD_Plate3_HFpEF_24609357_A,P3_HFpEF,1218,9191,NA,4985927793.634216
20210408_QE5_YABH_RDS3225_PlasmaProt_DIA_GroningenCVD_Plate3_HFpEF_24609500_A,P3_HFpEF,1111,8390,NA,5295496749.202332
20210408_QE5_YABH_RDS3225_PlasmaProt_DIA_GroningenCVD_Plate3_HFpEF_24609555_A,P3_HFpEF,1241,9507,NA,4110076578.3217773
20210408_QE5_YABH_RDS3225_PlasmaProt_DIA_GroningenCVD_Plate3_HFpEF_24609913_A,P3_HFpEF,1165,9021,NA,4689546084.4835205
20210408_QE5_YABH_RDS3225_PlasmaProt_DIA_GroningenCVD_Plate3_HFpEF_24609999_A,P3_HFpEF,1142,8779,NA,4221950359.4486084
20210408_QE5_YABH_RDS3225_PlasmaProt_DIA_GroningenCVD_Plate3_HFpEF_24610001_A,P3_HFpEF,1221,9465,NA,4516536834.313477
20210408_QE5_YABH_RDS3225_PlasmaProt_DIA_GroningenCVD_Plate3_HFpEF_24610148_A,P3_HFpEF,1363,10192,NA,4285645111.8249207
20210408_QE5_YABH_RDS3225_PlasmaProt_DIA_GroningenCVD_Plate3_HFpEF_24610209_A,P3_HFpEF,1133,8726,NA,4861162292.014404
20210519_QE5_YABH_RDS3225_PlasmaProt_DIA_GroningenCVD_Plate2_Healthy_04705528_A,P2_Healthy,1079,8392,NA,5094600358.64093
20210519_QE5_YABH_RDS3225_PlasmaProt_DIA_GroningenCVD_Plate2_Healthy_04705658_A,P2_Healthy,1130,8771,NA,5028199610.041687
20210519_QE5_YABH_RDS3225_PlasmaProt_DIA_GroningenCVD_Plate2_Healthy_04705981_A,P2_Healthy,1118,8656,NA,5015073399.947266
20210519_QE5_YABH_RDS3225_PlasmaProt_DIA_GroningenCVD_Plate2_Healthy_04706221_A,P2_Healthy,1150,8907,NA,4870795798.796387
20210519_QE5_YABH_RDS3225_PlasmaProt_DIA_GroningenCVD_Plate2_Healthy_04706480_A,P2_Healthy,1271,9517,NA,5029962411.481567
20210519_QE5_YABH_RDS3225_PlasmaProt_DIA_GroningenCVD_Plate2_Healthy_04707193_A_2,P2_Healthy,1132,7617,NA,4491295230.006653
20210519_QE5_YABH_RDS3225_PlasmaProt_DIA_GroningenCVD_Plate2_Healthy_04707787_A,P2_Healthy,1108,8411,NA,4942658024.202637
20210519_QE5_YABH_RDS3225_PlasmaProt_DIA_GroningenCVD_Plate2_Healthy_04707824_A,P2_Healthy,1302,9917,NA,4540310127.009827
20210519_QE5_YABH_RDS3225_PlasmaProt_DIA_GroningenCVD_Plate2_Healthy_04708389_A,P2_Healthy,1040,7950,NA,5513112818.064087
20210519_QE5_YABH_RDS3225_PlasmaProt_DIA_GroningenCVD_Plate2_Healthy_04708965_A,P2_Healthy,1197,8985,NA,4799530363.987976
20210519_QE5_YABH_RDS3225_PlasmaProt_DIA_GroningenCVD_Plate2_Healthy_04710149_A,P2_Healthy,1152,8523,NA,4823592117.666306
20210519_QE5_YABH_RDS3225_PlasmaProt_DIA_GroningenCVD_Plate2_HFpEF_24603270_A,P2_HFpEF,1083,8097,NA,4939063235.451294
20210519_QE5_YABH_RDS3225_PlasmaProt_DIA_GroningenCVD_Plate2_HFpEF_24603478_A,P2_HFpEF,1088,8444,NA,4838000713.868652
20210519_QE5_YABH_RDS3225_PlasmaProt_DIA_GroningenCVD_Plate2_HFpEF_24603508_A,P2_HFpEF,1219,9454,NA,3811290973.289795
20210519_QE5_YABH_RDS3225_PlasmaProt_DIA_GroningenCVD_Plate2_HFpEF_24603560_A_2,P2_HFpEF,998,7251,NA,4428785036.872742
20210519_QE5_YABH_RDS3225_PlasmaProt_DIA_GroningenCVD_Plate2_HFpEF_24603645_A,P2_HFpEF,1137,8674,NA,4760900811.293091
20210519_QE5_YABH_RDS3225_PlasmaProt_DIA_GroningenCVD_Plate2_HFpEF_24604208_A,P2_HFpEF,1110,8437,NA,4706559987.958008
20210519_QE5_YABH_RDS3225_PlasmaProt_DIA_GroningenCVD_Plate2_HFpEF_24604222_A,P2_HFpEF,1096,8387,NA,4965100495.616699
20210519_QE5_YABH_RDS3225_PlasmaProt_DIA_GroningenCVD_Plate2_HFpEF_24604291_A,P2_HFpEF,1096,8271,NA,5301057852.124756
20210519_QE5_YABH_RDS3225_PlasmaProt_DIA_GroningenCVD_Plate2_HFpEF_24604321_A,P2_HFpEF,1182,8803,NA,4952999376.784973
20210519_QE5_YABH_RDS3225_PlasmaProt_DIA_GroningenCVD_Plate2_HFpEF_24604406_A_2,P2_HFpEF,993,7016,NA,4973971139.039795
20210519_QE5_YABH_RDS3225_PlasmaProt_DIA_GroningenCVD_Plate2_HFpEF_24604529_A,P2_HFpEF,1161,8842,NA,4711734613.579102
20210519_QE5_YABH_RDS3225_PlasmaProt_DIA_GroningenCVD_Plate2_HFpEF_24604581_A,P2_HFpEF,1139,8508,NA,4761131235.66333
20210519_QE5_YABH_RDS3225_PlasmaProt_DIA_GroningenCVD_Plate2_HFpEF_24604635_A,P2_HFpEF,1147,8727,NA,4531032915.224609
20210519_QE5_YABH_RDS3225_PlasmaProt_DIA_GroningenCVD_Plate2_HFpEF_24604857_A,P2_HFpEF,1193,9098,NA,4928413509.737244
20210519_QE5_YABH_RDS3225_PlasmaProt_DIA_GroningenCVD_Plate2_HFpEF_24604901_A,P2_HFpEF,1166,8886,NA,5194275901.5061035
20210519_QE5_YABH_RDS3225_PlasmaProt_DIA_GroningenCVD_Plate2_HFpEF_24605267_A,P2_HFpEF,1118,8420,NA,4948300028.27594
20210519_QE5_YABH_RDS3225_PlasmaProt_DIA_GroningenCVD_Plate2_HFpEF_24605274_A,P2_HFpEF,1088,8213,NA,4635041407.611694
20210519_QE5_YABH_RDS3225_PlasmaProt_DIA_GroningenCVD_Plate2_HFpEF_24605311_A,P2_HFpEF,1016,7727,NA,5072269403.331909
20210519_QE5_YABH_RDS3225_PlasmaProt_DIA_GroningenCVD_Plate2_HFpEF_24605557_A,P2_HFpEF,1193,9130,NA,4205778724.4725647
20210519_QE5_YABH_RDS3225_PlasmaProt_DIA_GroningenCVD_Plate2_HFpEF_24605571_A_2,P2_HFpEF,1092,7753,NA,4674989632.497986
20210519_QE5_YABH_RDS3225_PlasmaProt_DIA_GroningenCVD_Plate2_HFpEF_24605687_A,P2_HFpEF,1045,7817,NA,4991693885.647278
20210519_QE5_YABH_RDS3225_PlasmaProt_DIA_GroningenCVD_Plate2_HFpEF_24605731_A,P2_HFpEF,1062,8182,NA,5107410877.218994
20210519_QE5_YABH_RDS3225_PlasmaProt_DIA_GroningenCVD_Plate2_HFpEF_24605748_A,P2_HFpEF,1132,8549,NA,5076944406.623352
20210519_QE5_YABH_RDS3225_PlasmaProt_DIA_GroningenCVD_Plate2_HFpEF_24605779_A,P2_HFpEF,1150,8620,NA,4545050214.5025635
20210519_QE5_YABH_RDS3225_PlasmaProt_DIA_GroningenCVD_Plate2_HFpEF_24605854_A,P2_HFpEF,1112,8460,NA,4760411084.808838
20210519_QE5_YABH_RDS3225_PlasmaProt_DIA_GroningenCVD_Plate2_HFpEF_24606158_A,P2_HFpEF,1120,8657,NA,4569488864.354126
20210519_QE5_YABH_RDS3225_PlasmaProt_DIA_GroningenCVD_Plate2_HFpEF_24606257_A,P2_HFpEF,1076,7801,NA,5176881834.264282
20210519_QE5_YABH_RDS3225_PlasmaProt_DIA_GroningenCVD_Plate2_HFpEF_24606332_A,P2_HFpEF,1076,8055,NA,5352917246.227417
20210519_QE5_YABH_RDS3225_PlasmaProt_DIA_GroningenCVD_Plate2_HFpEF_24606356_A,P2_HFpEF,1032,8093,NA,4853254299.055176
20210519_QE5_YABH_RDS3225_PlasmaProt_DIA_GroningenCVD_Plate2_HFpEF_24606561_A,P2_HFpEF,1227,9443,NA,4161833901.626587
20210519_QE5_YABH_RDS3225_PlasmaProt_DIA_GroningenCVD_Plate2_HFpEF_24606592_A,P2_HFpEF,1047,8168,NA,5117268217.266541
20210519_QE5_YABH_RDS3225_PlasmaProt_DIA_GroningenCVD_Plate2_HFpEF_24606684_A,P2_HFpEF,1063,8080,NA,5091378865.887756
20210519_QE5_YABH_RDS3225_PlasmaProt_DIA_GroningenCVD_Plate2_HFpEF_24606776_A,P2_HFpEF,1122,8629,NA,5382506597.7821045
20210427_QE5_YABH_RDS3225_PlasmaProt_DIA_GroningenCVD_Plate1_Healthy_04701100_Pilot_2,P1_Healthy,1102,7736,NA,4162191150.374634
20210427_QE5_YABH_RDS3225_PlasmaProt_DIA_GroningenCVD_Plate1_Healthy_04701581_Pilot,P1_Healthy,1151,8481,NA,4457548931.2664795
20210427_QE5_YABH_RDS3225_PlasmaProt_DIA_GroningenCVD_Plate1_Healthy_04701917_Pilot_2,P1_Healthy,1103,7725,NA,4235909589.697571
20210427_QE5_YABH_RDS3225_PlasmaProt_DIA_GroningenCVD_Plate1_Healthy_04702640_Pilot_2,P1_Healthy,1099,7300,NA,4556237466.046234
20210427_QE5_YABH_RDS3225_PlasmaProt_DIA_GroningenCVD_Plate1_Healthy_04702936_Pilot_2,P1_Healthy,1033,7278,NA,4152956031.5876465
20210427_QE5_YABH_RDS3225_PlasmaProt_DIA_GroningenCVD_Plate1_Healthy_04703892_Pilot_3,P1_Healthy,1008,7022,NA,4388827164.316772
20210427_QE5_YABH_RDS3225_PlasmaProt_DIA_GroningenCVD_Plate1_Healthy_04704482_Pilot,P1_Healthy,1122,8251,NA,4435404993.088867
20210427_QE5_YABH_RDS3225_PlasmaProt_DIA_GroningenCVD_Plate1_Healthy_04704631_Pilot_3,P1_Healthy,1056,7558,NA,4163895304.9649887
20210427_QE5_YABH_RDS3225_PlasmaProt_DIA_GroningenCVD_Plate1_Healthy_04704819_Pilot,P1_Healthy,1109,8238,NA,4920954747.374207
20210427_QE5_YABH_RDS3225_PlasmaProt_DIA_GroningenCVD_Plate1_Healthy_04705192_Pilot_2,P1_Healthy,1093,7527,NA,4508914118.172119
20210427_QE5_YABH_RDS3225_PlasmaProt_DIA_GroningenCVD_Plate1_Healthy_04705212_A_2,P1_Healthy,1094,7316,NA,4504051076.407227
20210427_QE5_YABH_RDS3225_PlasmaProt_DIA_GroningenCVD_Plate1_Healthy_04705463_A,P1_Healthy,1168,8454,NA,4789527082.036499
20210427_QE5_YABH_RDS3225_PlasmaProt_DIA_GroningenCVD_Plate1_HFpEF_24600743_A,P1_HFpEF,1013,7694,NA,5199418354.768799
20210427_QE5_YABH_RDS3225_PlasmaProt_DIA_GroningenCVD_Plate1_HFpEF_24600781_A,P1_HFpEF,1062,8127,NA,5155684850.056763
20210427_QE5_YABH_RDS3225_PlasmaProt_DIA_GroningenCVD_Plate1_HFpEF_24600880_A,P1_HFpEF,1031,7670,NA,4665296786.593628
20210427_QE5_YABH_RDS3225_PlasmaProt_DIA_GroningenCVD_Plate1_HFpEF_24600903_A_3,P1_HFpEF,961,6897,NA,4571508676.947144
20210427_QE5_YABH_RDS3225_PlasmaProt_DIA_GroningenCVD_Plate1_HFpEF_24601009_A,P1_HFpEF,1053,7951,NA,4820134746.361084
20210427_QE5_YABH_RDS3225_PlasmaProt_DIA_GroningenCVD_Plate1_HFpEF_24601030_A_2,P1_HFpEF,991,7401,NA,5312350116.461975
20210427_QE5_YABH_RDS3225_PlasmaProt_DIA_GroningenCVD_Plate1_HFpEF_24601252_A_3,P1_HFpEF,1015,7534,NA,4441333754.859253
20210427_QE5_YABH_RDS3225_PlasmaProt_DIA_GroningenCVD_Plate1_HFpEF_24601399_A_2,P1_HFpEF,1063,7766,NA,4791680181.084473
20210427_QE5_YABH_RDS3225_PlasmaProt_DIA_GroningenCVD_Plate1_HFpEF_24601436_A_2,P1_HFpEF,1044,7276,NA,4368718987.841614
20210427_QE5_YABH_RDS3225_PlasmaProt_DIA_GroningenCVD_Plate1_HFpEF_24601573_A_2,P1_HFpEF,1007,6674,NA,5378157132.932617
20210427_QE5_YABH_RDS3225_PlasmaProt_DIA_GroningenCVD_Plate1_HFpEF_24601597_A_3,P1_HFpEF,1017,7451,NA,4148453012.1259155
20210427_QE5_YABH_RDS3225_PlasmaProt_DIA_GroningenCVD_Plate1_HFpEF_24601641_A,P1_HFpEF,996,7600,NA,4976477756.478882
20210427_QE5_YABH_RDS3225_PlasmaProt_DIA_GroningenCVD_Plate1_HFpEF_24601665_A,P1_HFpEF,1035,7909,NA,5067641893.461975
20210427_QE5_YABH_RDS3225_PlasmaProt_DIA_GroningenCVD_Plate1_HFpEF_24601702_A,P1_HFpEF,1100,8127,NA,4692766744.067223
20210427_QE5_YABH_RDS3225_PlasmaProt_DIA_GroningenCVD_Plate1_HFpEF_24601719_A,P1_HFpEF,1049,7988,NA,4569563942.113403
20210427_QE5_YABH_RDS3225_PlasmaProt_DIA_GroningenCVD_Plate1_HFpEF_24601764_A,P1_HFpEF,1028,7710,NA,4872121407.102783
20210427_QE5_YABH_RDS3225_PlasmaProt_DIA_GroningenCVD_Plate1_HFpEF_24601771_A,P1_HFpEF,1144,8639,NA,4801994585.408936
20210427_QE5_YABH_RDS3225_PlasmaProt_DIA_GroningenCVD_Plate1_HFpEF_24601832_A,P1_HFpEF,1092,8323,NA,4913252886.241516
20210427_QE5_YABH_RDS3225_PlasmaProt_DIA_GroningenCVD_Plate1_HFpEF_24601849_A_2,P1_HFpEF,1055,7579,NA,4251173693.5966797
20210427_QE5_YABH_RDS3225_PlasmaProt_DIA_GroningenCVD_Plate1_HFpEF_24601856_A,P1_HFpEF,1174,8725,NA,4570999929.808868
20210427_QE5_YABH_RDS3225_PlasmaProt_DIA_GroningenCVD_Plate1_HFpEF_24601979_A,P1_HFpEF,1042,7727,NA,5262611896.525635
20210427_QE5_YABH_RDS3225_PlasmaProt_DIA_GroningenCVD_Plate1_HFpEF_24602006_A,P1_HFpEF,1049,8032,NA,5048058641.522461
20210427_QE5_YABH_RDS3225_PlasmaProt_DIA_GroningenCVD_Plate1_HFpEF_24602044_A,P1_HFpEF,1037,8005,NA,5094241334.579041
20210427_QE5_YABH_RDS3225_PlasmaProt_DIA_GroningenCVD_Plate1_HFpEF_24602068_A,P1_HFpEF,1088,8053,NA,4920269085.773682
20210427_QE5_YABH_RDS3225_PlasmaProt_DIA_GroningenCVD_Plate1_HFpEF_24602372_A,P1_HFpEF,1012,7845,NA,4891571673.856445
20210427_QE5_YABH_RDS3225_PlasmaProt_DIA_GroningenCVD_Plate1_HFpEF_24602518_A,P1_HFpEF,1027,7225,NA,4776185138.475098
20210427_QE5_YABH_RDS3225_PlasmaProt_DIA_GroningenCVD_Plate1_HFpEF_24602556_A,P1_HFpEF,1011,7922,NA,4858219542.963684
20210427_QE5_YABH_RDS3225_PlasmaProt_DIA_GroningenCVD_Plate1_HFpEF_24602617_A,P1_HFpEF,1081,8137,NA,5088770596.406494
20210427_QE5_YABH_RDS3225_PlasmaProt_DIA_GroningenCVD_Plate1_HFpEF_24602648_A,P1_HFpEF,1105,8331,NA,4931864645.070923
20210427_QE5_YABH_RDS3225_PlasmaProt_DIA_GroningenCVD_Plate1_HFpEF_24602655_A,P1_HFpEF,1072,8012,NA,4939961076.493408
20210427_QE5_YABH_RDS3225_PlasmaProt_DIA_GroningenCVD_Plate1_HFpEF_24602730_A_2,P1_HFpEF,1145,8510,NA,4618769724.050049
20210427_QE5_YABH_RDS3225_PlasmaProt_DIA_GroningenCVD_Plate1_HFpEF_24602822_A,P1_HFpEF,1128,8400,NA,4646451351.966866
20210427_QE5_YABH_RDS3225_PlasmaProt_DIA_GroningenCVD_Plate1_HFpEF_24602860_A,P1_HFpEF,1013,7734,NA,5006017387.676392
20210427_QE5_YABH_RDS3225_PlasmaProt_DIA_GroningenCVD_Plate1_HFpEF_24602914_A,P1_HFpEF,1021,8004,NA,4761693408.9687195
20210427_QE5_YABH_RDS3225_PlasmaProt_DIA_GroningenCVD_Plate1_HFpEF_24602976_A,P1_HFpEF,1032,7766,NA,4957156772.414124
20210427_QE5_YABH_RDS3225_PlasmaProt_DIA_GroningenCVD_Plate1_HFpEF_24603027_A,P1_HFpEF,1049,7867,NA,4836050798.813599
20210427_QE5_YABH_RDS3225_PlasmaProt_DIA_GroningenCVD_Plate1_HFpEF_24603072_A,P1_HFpEF,1018,7782,NA,4899006838.518066
20210427_QE5_YABH_RDS3225_PlasmaProt_DIA_GroningenCVD_Plate1_HFpEF_24603171_A,P1_HFpEF,1060,7914,NA,4772630132.172119
